<?xml version="1.0" encoding="UTF-8"?>
<project-private xmlns="http://www.netbeans.org/ns/project-private/1">
    <editor-bookmarks xmlns="http://www.netbeans.org/ns/editor-bookmarks/2" lastBookmarkId="0"/>
    <open-files xmlns="http://www.netbeans.org/ns/projectui-open-files/2">
        <group>
            <file>file:/D:/workspace/Hotel-Management-System-master/src/hotel/management/Login.java</file>
            <file>file:/D:/workspace/Hotel-Management-System-master/src/hotel/management/MainScreen.java</file>
            <file>file:/D:/workspace/Hotel-Management-System-master/src/hotel/management/CustomerList.java</file>
            <file>file:/D:/workspace/Hotel-Management-System-master/src/hotel/management/RoomBooking.java</file>
            <file>file:/D:/workspace/Hotel-Management-System-master/src/hotel/management/HotelManagement.java</file>
            <file>file:/D:/workspace/Hotel-Management-System-master/src/hotel/management/History.java</file>
        </group>
    </open-files>
</project-private>
